"Pmonth_mean","s.err"
204.189964883043,1.08066642781549
